{
  "packages": [
    {
      "name": "emoro2560",
      "maintainer": "Inovatic ICT",
      "websiteURL": "https://www.inovatic-ict.com/",
      "email": "support@inovatic-ict.com",
      "help": {
        "online": "https://www.inovatic-ict.com/"
      },
      "platforms": [
        {
          "name": "EMoRo2560 Board (32-bits)",
          "architecture": "avr",
          "version": "1.0.0 ",
          "category": "Contributed",
          "url": "https://github.com/geolink/opentracker-arduino-board/releases/download/v1.0.2/sam-1.6.6-opentracker-1.0.2.tar.bz2",
          "archiveFileName": "emoro2560-1.0.0.zip",
          "checksum": "SHA-256:3fd207012b704800a97289ea87c0dee1ecb096d722a4ec36ef999ab9761d24aa",
          "size": "2864704",
          "boards": [
            {"name": "EMoRo2560 Board"}
          ],
          "toolsDependencies": [
            {
              "packager": "arduino",
              "name": "avr-gcc",
              "version": "4.8.1-arduino5"
            },
            {
              "packager": "arduino",
              "name": "avrdude",
              "version": "6.0.1-arduino5"
            }
          ]
        },
        
      ],
      "tools": [ ]
    }
  ]
}